event_date,event_type,intended_direction,entry_price,atr,tp_price,sl_price,exit_date,exit_price,exit_reason,bars_held,label,return_pct
2010-04-14,channel_up,long,91.3,0.8416,92.98,89.62,2010-04-16,89.62,stop_loss,2,no_trade,-1.8436
2010-06-14,symmetric_triangle,long,82.5,1.9609,86.42,78.58,2010-06-28,81.39,time_exit,10,no_trade,-1.3409
2010-07-06,multiple_top,short,77.87,1.4732,74.92,80.81,2010-07-08,80.81,stop_loss,2,no_trade,-3.784
2010-08-05,near_resistance,short,85.42,1.329,82.76,88.08,2010-08-11,82.76,take_profit,4,short,3.1116
2010-09-13,near_resistance,short,85.32,1.2727,82.78,87.87,2010-09-27,86.96,time_exit,10,no_trade,-1.9177
2010-11-02,near_resistance,short,90.92,1.0605,88.8,93.04,2010-11-04,93.04,stop_loss,2,no_trade,-2.3329
2010-11-05,multiple_bottom,long,93.39,1.0844,95.56,91.22,2010-11-12,91.22,stop_loss,5,no_trade,-2.3224
2010-11-23,multiple_bottom,long,90.14,1.1942,92.53,87.75,2010-12-02,92.53,take_profit,6,long,2.6497
2010-12-02,near_resistance,short,93.27,1.3046,90.66,95.88,2010-12-16,94.99,time_exit,10,no_trade,-1.844
2010-12-21,multiple_bottom,long,95.92,0.7264,97.38,94.47,2011-01-03,97.38,take_profit,8,long,1.5145
2011-02-04,multiple_bottom,long,100.33,0.9541,102.24,98.42,2011-02-16,102.24,take_profit,8,long,1.9019
2011-03-08,multiple_bottom,long,101.42,1.3628,104.15,98.7,2011-03-15,98.7,stop_loss,5,no_trade,-2.6873
2011-04-21,near_resistance,short,102.79,1.0027,100.78,104.79,2011-04-29,104.79,stop_loss,5,no_trade,-1.951
2011-05-17,symmetric_triangle,short,102.32,1.1261,100.06,104.57,2011-06-01,101.32,time_exit,10,no_trade,0.9762
2011-06-02,multiple_bottom,long,101.21,1.1766,103.56,98.86,2011-06-08,98.86,stop_loss,4,no_trade,-2.3251
2011-06-29,symmetric_triangle,long,100.93,1.3569,103.65,98.22,2011-07-07,103.65,take_profit,5,long,2.6887
2011-07-12,multiple_top,short,101.46,1.3027,98.85,104.06,2011-07-21,104.06,stop_loss,7,no_trade,-2.568
2011-10-03,near_support,long,85.32,2.5107,90.34,80.3,2011-10-06,90.34,take_profit,3,long,5.8853
2012-03-15,multiple_bottom,long,109.91,1.0243,111.96,107.86,2012-03-29,110.01,time_exit,10,no_trade,0.0885
2012-05-14,near_support,long,105.21,1.2602,107.73,102.68,2012-05-17,102.68,stop_loss,3,no_trade,-2.3957
2012-08-21,multiple_bottom,long,111.78,0.9187,113.62,109.95,2012-09-05,111.11,time_exit,10,no_trade,-0.5996
2012-10-04,symmetric_triangle,long,115.84,0.9582,117.76,113.93,2012-10-10,113.93,stop_loss,4,no_trade,-1.6543
2012-10-17,multiple_bottom,long,115.9,1.0357,117.97,113.83,2012-10-19,113.83,stop_loss,2,no_trade,-1.7872
2012-11-13,channel_down,short,109.23,1.4881,106.26,112.21,2012-11-28,112.14,time_exit,10,no_trade,-2.6635
2013-01-30,multiple_bottom,long,119.81,0.7567,121.32,118.3,2013-02-12,121.32,take_profit,9,long,1.2632
2013-03-04,near_resistance,short,122.09,1.2757,119.53,124.64,2013-03-13,124.64,stop_loss,7,no_trade,-2.0898
2013-03-13,multiple_bottom,long,124.47,1.1896,126.84,122.09,2013-03-27,125.25,time_exit,10,no_trade,0.6316
2013-04-29,near_resistance,short,127.75,1.4337,124.88,130.61,2013-05-08,130.61,stop_loss,7,no_trade,-2.2446
2013-05-07,multiple_bottom,long,130.39,1.1067,132.61,128.18,2013-05-15,132.61,take_profit,6,long,1.6974
2013-07-05,multiple_bottom,long,131.42,1.8176,135.06,127.79,2013-07-11,135.06,take_profit,4,long,2.766
2013-08-28,channel_down,short,132.14,1.2576,129.62,134.65,2013-09-09,134.65,stop_loss,7,no_trade,-1.9035
2013-09-12,multiple_bottom,long,136.2,1.2409,138.68,133.72,2013-09-18,138.68,take_profit,4,long,1.8222
2013-11-06,multiple_bottom,long,143.52,0.9553,145.43,141.61,2013-11-07,141.61,stop_loss,1,no_trade,-1.3312
2013-12-09,near_resistance,short,146.95,1.0086,144.93,148.97,2013-12-11,144.93,take_profit,2,short,1.3727
2013-12-18,multiple_bottom,long,147.19,1.2649,149.72,144.66,2013-12-26,149.72,take_profit,5,long,1.7187
2014-02-13,channel_down,short,149.06,1.7634,145.53,152.59,2014-02-28,151.73,time_exit,10,no_trade,-1.7923
2014-04-25,multiple_bottom,long,152.4,1.5789,155.56,149.24,2014-05-09,153.77,time_exit,10,no_trade,0.8964
2014-07-08,multiple_bottom,long,161.31,0.9831,163.28,159.34,2014-07-22,162.92,time_exit,10,no_trade,0.9987
2014-07-16,near_resistance,short,162.72,1.0251,160.67,164.77,2014-07-17,160.67,take_profit,1,short,1.26
2014-08-07,channel_down,short,157.03,1.4884,154.05,160.0,2014-08-11,160.0,stop_loss,2,no_trade,-1.8957
2014-10-31,near_resistance,short,166.54,2.4663,161.61,171.47,2014-11-14,168.67,time_exit,10,no_trade,-1.2794
2015-02-20,near_resistance,short,175.41,1.6703,172.07,178.75,2015-03-06,172.07,take_profit,10,short,1.9044
2015-04-14,multiple_bottom,long,174.74,1.6551,178.05,171.43,2015-04-28,176.36,time_exit,10,no_trade,0.9308
2015-04-23,ascending_triangle,long,176.13,1.5777,179.29,172.98,2015-05-06,172.98,stop_loss,9,no_trade,-1.7915
2015-05-14,near_resistance,short,177.01,1.8124,173.38,180.63,2015-05-29,176.11,time_exit,10,no_trade,0.5042
2015-06-15,multiple_bottom,long,174.42,1.4805,177.38,171.46,2015-06-18,177.38,take_profit,3,long,1.6977
2015-07-16,near_resistance,short,177.94,2.0475,173.85,182.04,2015-07-27,173.85,take_profit,7,short,2.3013
2016-02-12,multiple_top,short,158.18,3.2733,151.63,164.72,2016-02-22,164.72,stop_loss,5,no_trade,-4.1388
2016-04-26,channel_up,long,177.98,1.4975,180.98,174.99,2016-04-29,174.99,stop_loss,3,no_trade,-1.6828
2016-05-19,channel_down,short,173.96,1.8188,170.32,177.6,2016-05-25,177.6,stop_loss,4,no_trade,-2.0911
2016-06-07,multiple_bottom,long,180.33,1.4269,183.19,177.48,2016-06-14,177.48,stop_loss,5,no_trade,-1.5826
2016-10-11,symmetric_triangle,short,183.69,1.7195,180.25,187.13,2016-10-25,184.33,time_exit,10,no_trade,-0.3467
2016-11-04,channel_down,short,179.49,1.3943,176.7,182.28,2016-11-07,182.28,stop_loss,1,no_trade,-1.5536
2017-01-04,near_resistance,short,196.16,1.2697,193.62,198.7,2017-01-19,195.58,time_exit,10,no_trade,0.2957
2017-02-03,near_resistance,short,198.55,1.2776,195.99,201.1,2017-02-13,201.1,stop_loss,6,no_trade,-1.2869
2017-03-21,symmetric_triangle,short,203.23,1.2959,200.64,205.82,2017-04-04,204.75,time_exit,10,no_trade,-0.7487
2017-03-31,multiple_bottom,long,204.98,1.5382,208.05,201.9,2017-04-17,203.96,time_exit,10,no_trade,-0.4963
2017-04-20,multiple_bottom,long,204.63,1.5105,207.65,201.61,2017-04-25,207.65,take_profit,3,long,1.4763
2017-07-13,near_resistance,short,213.56,1.5315,210.5,216.62,2017-07-27,216.62,stop_loss,10,no_trade,-1.4343
2017-07-19,symmetric_triangle,long,215.81,1.3942,218.59,213.02,2017-08-02,216.2,time_exit,10,no_trade,0.1822
2017-07-28,multiple_bottom,long,215.74,1.0441,217.82,213.65,2017-08-10,213.65,stop_loss,9,no_trade,-0.968
2017-08-07,near_resistance,short,216.58,0.8756,214.82,218.33,2017-08-10,214.82,take_profit,3,short,0.8086
2017-10-30,multiple_bottom,long,225.45,0.9991,227.45,223.45,2017-11-07,227.45,take_profit,6,long,0.8864
2017-11-21,multiple_bottom,long,228.29,1.3058,230.9,225.68,2017-11-29,230.9,take_profit,5,long,1.144
2017-12-11,near_resistance,short,233.84,1.6125,230.62,237.07,2017-12-26,235.81,time_exit,10,no_trade,-0.8433
2017-12-22,multiple_bottom,long,236.1,1.2922,238.68,233.51,2018-01-03,238.68,take_profit,6,long,1.0946
2018-05-21,multiple_top,short,242.23,2.3191,237.6,246.87,2018-05-29,237.6,take_profit,5,short,1.9147
2018-07-09,near_resistance,short,247.35,2.5139,242.33,252.38,2018-07-23,249.4,time_exit,10,no_trade,-0.8276
2018-08-20,near_resistance,short,254.27,1.8565,250.56,257.98,2018-08-27,257.98,stop_loss,5,no_trade,-1.4602
2018-09-19,near_resistance,short,259.21,1.5971,256.02,262.4,2018-10-03,260.83,time_exit,10,no_trade,-0.6252
2018-09-25,multiple_bottom,long,259.96,1.5983,263.16,256.77,2018-10-05,256.77,stop_loss,8,no_trade,-1.2296
2018-12-12,multiple_top,short,237.35,4.5836,228.18,246.52,2018-12-17,228.18,take_profit,3,short,3.8623
2019-03-29,multiple_bottom,long,255.16,2.5401,260.24,250.08,2019-04-05,260.24,take_profit,5,long,1.9909
2019-04-29,multiple_bottom,long,265.45,1.564,268.58,262.32,2019-05-02,262.32,stop_loss,3,no_trade,-1.1784
2019-07-19,channel_up,long,269.74,1.9885,273.71,265.76,2019-07-26,273.71,take_profit,5,long,1.4744
2019-09-05,symmetric_triangle,long,270.33,3.645,277.62,263.04,2019-09-19,273.29,time_exit,10,no_trade,1.0946
2019-10-07,multiple_top,short,267.25,3.3797,260.49,274.01,2019-10-21,273.55,time_exit,10,no_trade,-2.3577
2019-10-24,multiple_bottom,long,273.9,2.4191,278.74,269.06,2019-11-01,278.74,take_profit,6,long,1.7664
2019-12-06,near_resistance,short,287.12,1.9918,283.14,291.11,2019-12-16,291.11,stop_loss,6,no_trade,-1.3874
2019-12-12,multiple_bottom,long,289.18,2.0563,293.3,285.07,2019-12-20,293.3,take_profit,6,long,1.4221
2020-01-03,multiple_bottom,long,295.44,1.7809,299.01,291.88,2020-01-09,299.01,take_profit,4,long,1.2056
2020-01-22,multiple_bottom,long,303.63,2.1083,307.84,299.41,2020-01-27,299.41,stop_loss,3,no_trade,-1.3887
2020-07-06,symmetric_triangle,long,293.53,5.3786,304.28,282.77,2020-07-20,300.26,time_exit,10,no_trade,2.293
2020-07-24,multiple_bottom,long,297.07,4.2984,305.67,288.48,2020-08-05,305.67,take_profit,8,long,2.8938
2020-07-31,near_resistance,short,302.29,3.8289,294.64,309.95,2020-08-07,309.95,stop_loss,5,no_trade,-2.5332
2020-08-21,multiple_bottom,long,314.29,2.7252,319.74,308.84,2020-08-26,319.74,take_profit,3,long,1.7342
2020-09-16,multiple_bottom,long,313.68,6.279,326.24,301.12,2020-09-21,301.12,stop_loss,3,no_trade,-4.0034
2020-10-07,multiple_bottom,long,316.74,6.0505,328.84,304.64,2020-10-12,328.84,take_profit,3,long,3.8205
2020-11-16,near_resistance,short,337.01,6.9275,323.16,350.87,2020-12-01,340.22,time_exit,10,no_trade,-0.9515
2020-12-03,multiple_bottom,long,340.84,3.6935,348.23,333.46,2020-12-17,346.0,time_exit,10,no_trade,1.5136
2021-02-04,multiple_bottom,long,360.5,5.1795,370.86,350.14,2021-02-19,364.08,time_exit,10,no_trade,0.9943
2021-03-26,near_resistance,short,370.85,4.8538,361.14,380.56,2021-04-05,380.56,stop_loss,5,no_trade,-2.6177
2021-05-19,multiple_bottom,long,384.78,5.0733,394.93,374.64,2021-06-01,394.93,take_profit,8,long,2.637
2021-06-22,near_resistance,short,397.55,3.2154,391.12,403.98,2021-07-01,403.98,stop_loss,7,no_trade,-1.6176
2021-07-26,multiple_bottom,long,414.38,4.1114,422.6,406.16,2021-08-09,415.42,time_exit,10,no_trade,0.2517
2021-09-02,multiple_bottom,long,425.82,3.2396,432.3,419.34,2021-09-10,419.34,stop_loss,5,no_trade,-1.5216
2021-11-18,near_resistance,short,442.77,2.9167,436.94,448.6,2021-11-26,436.94,take_profit,5,short,1.3175
2021-12-28,multiple_bottom,long,451.08,5.605,462.29,439.87,2022-01-07,439.87,stop_loss,8,no_trade,-2.4851
2022-01-20,symmetric_triangle,short,422.59,6.6356,409.32,435.86,2022-01-24,409.32,take_profit,2,short,3.1405
2022-02-23,near_support,long,399.13,8.1592,415.45,382.81,2022-03-02,415.45,take_profit,5,long,4.0885
2022-03-16,multiple_top,short,412.06,9.216,393.63,430.49,2022-03-28,430.49,stop_loss,8,no_trade,-4.4731
2022-04-29,near_support,long,390.93,8.924,408.78,373.08,2022-05-11,373.08,stop_loss,8,no_trade,-4.5655
2022-06-15,multiple_top,short,359.81,8.9125,341.98,377.63,2022-06-30,359.5,time_exit,10,no_trade,0.0845
2022-09-12,multiple_bottom,long,391.64,6.6686,404.97,378.3,2022-09-13,378.3,stop_loss,1,no_trade,-3.4055
2022-10-06,channel_down,short,357.1,8.5367,340.03,374.18,2022-10-13,340.03,take_profit,5,short,4.781
2022-11-04,multiple_top,short,360.12,7.4636,345.19,375.05,2022-11-10,375.05,stop_loss,4,no_trade,-4.1451
2023-01-03,multiple_bottom,long,366.07,7.1375,380.34,351.79,2023-01-12,380.34,take_profit,7,long,3.8995
2023-01-26,channel_up,long,389.07,5.7333,400.54,377.61,2023-02-02,400.54,take_profit,5,long,2.9471
2023-02-21,symmetric_triangle,short,383.63,6.1727,371.29,395.98,2023-03-07,382.84,time_exit,10,no_trade,0.2055
2023-06-02,multiple_bottom,long,412.91,4.4352,421.79,404.04,2023-06-13,421.79,take_profit,7,long,2.1483
2023-07-28,multiple_bottom,long,442.54,3.7385,450.01,435.06,2023-08-03,435.06,stop_loss,4,no_trade,-1.6896
2023-08-10,channel_up,long,431.87,4.4863,440.84,422.9,2023-08-17,422.9,stop_loss,5,no_trade,-2.0776
2023-09-20,symmetric_triangle,short,426.33,3.5822,419.17,433.49,2023-09-21,419.17,take_profit,1,short,1.6805
2023-10-20,near_support,long,409.37,5.8649,421.1,397.64,2023-11-03,421.1,take_profit,10,long,2.8653
2024-01-10,near_resistance,short,465.06,4.0018,457.06,473.07,2024-01-22,473.07,stop_loss,7,no_trade,-1.721
2024-01-30,multiple_bottom,long,479.05,3.6714,486.39,471.7,2024-01-31,471.7,stop_loss,1,no_trade,-1.5328
2024-03-19,near_resistance,short,504.83,4.9584,494.92,514.75,2024-04-03,508.45,time_exit,10,no_trade,-0.7175
2024-05-14,near_resistance,short,512.26,4.9547,502.35,522.17,2024-05-29,515.0,time_exit,10,no_trade,-0.5351
2024-07-15,multiple_bottom,long,551.46,4.2222,559.9,543.01,2024-07-18,543.01,stop_loss,3,no_trade,-1.5313
2024-08-30,near_resistance,short,553.57,6.1519,541.27,565.87,2024-09-03,541.27,take_profit,1,short,2.2226
2024-10-08,near_resistance,short,564.62,5.2304,554.16,575.08,2024-10-14,575.08,stop_loss,4,no_trade,-1.8527
2025-02-13,near_resistance,short,602.65,6.8679,588.92,616.39,2025-02-25,588.92,take_profit,7,short,2.2792
2025-07-09,multiple_bottom,long,620.5,5.2041,630.91,610.09,2025-07-23,630.59,time_exit,10,no_trade,1.6264
2025-08-08,multiple_bottom,long,633.55,5.8848,645.32,621.78,2025-08-22,641.63,time_exit,10,no_trade,1.2759
2025-09-02,multiple_bottom,long,636.62,4.9587,646.54,626.7,2025-09-05,646.54,take_profit,3,long,1.5578
2025-09-30,near_resistance,short,664.22,4.7619,654.69,673.74,2025-10-10,654.69,take_profit,8,short,1.4338
2025-10-23,near_resistance,short,669.78,8.4237,652.93,686.63,2025-10-28,686.63,stop_loss,3,no_trade,-2.5154
2025-12-10,near_resistance,short,685.54,7.7428,670.06,701.03,2025-12-17,670.06,take_profit,5,short,2.2589
