atr_ratio,rvol_20,ret_1,ret_5,ret_10,ret_20,sma_10_dist,sma_20_dist,sma_50_dist,sma_100_dist,sma_200_dist,ma_spread_10_50,ma_spread_20_200,ma_spread_50_200,rsi_14,macd_norm,macd_signal_norm,macd_hist_norm,bb_width,bb_pctb,mom_5,mom_10,mom_20,volume_ratio,volume_std,bb_touch_upper,bb_touch_lower,sma50_cross_above_sma200,sma50_cross_below_sma200,close_touch_sma50,close_touch_sma200,rsi_oversold,rsi_overbought,upper_slope,lower_slope,containment,upper_touches,lower_touches,total_touches,upper_mean_error,lower_mean_error,pattern_window,r_upper,r_lower,etype_multiple_bottom,etype_multiple_top,etype_near_resistance,etype_near_support
0.018919981914591835,0.20780696403327023,0.006555836597000653,-0.04333682430269581,-0.07665394361750155,-0.020196950556342075,-0.026663464091015675,-0.04439291172364405,-0.07030486998516203,-0.08791507250056765,0.0,-0.04483691332247206,0.0,0.0,12.413832599118933,-0.019668926188703806,-0.013697634898388164,-0.00597129129031564,0.12097074631337061,0.13302771061157453,-0.04333682430269581,-0.07665394361750155,-0.020196950556342075,0.9936685441031534,0.2319589108000231,0,0,0,0,0,0,1,0,0.0,0.0,0.0,0.0,0.0,0.0,0.0,0.0,0.0,0.0,0.0,False,True,False,False
0.015557965477420731,0.18411228794875797,-0.0010624359565157837,0.023211180305297452,0.03096999216571983,0.05309782291250942,0.011463490849506519,0.02607229007151971,0.039140945255380685,0.0032532428135935774,0.0,0.027363770077977273,0.0,0.0,73.97355993126487,0.010522635376259254,0.00676297162584961,0.003759663750409643,0.07148532517945742,0.8647222700053135,0.023211180305297452,0.03096999216571983,0.05309782291250942,0.6986814987857087,0.2297367915567093,0,0,0,0,0,0,0,1,0.0,0.0,0.0,0.0,0.0,0.0,0.0,0.0,0.0,0.0,0.0,False,False,True,False
0.014916911602607715,0.1859483821668977,0.0111232224154445,0.016502877382590375,0.054838008045268394,0.040716394431794534,0.029773294463570864,0.039689453859640636,0.03406592932078551,0.022923467353445876,0.0,0.004168524159922756,0.0,0.0,67.72131428852111,0.005262669696338912,-0.0004051038082593482,0.00566777350459826,0.08432763364846543,0.9706577445904992,0.016502877382590375,0.054838008045268394,0.040716394431794534,0.8916952009780381,0.26467313120265407,0,0,0,0,0,0,0,0,0.0,0.0,0.0,0.0,0.0,0.0,0.0,0.0,0.0,0.0,0.0,False,False,True,False
0.011664661581054635,0.07821341002002871,0.007930614020783322,0.006317651575249883,0.023473434858850117,0.02955887146724434,0.008151894591943083,0.014499806761499876,0.05062374490419179,0.07560341479795349,0.07008787008749788,0.042128423841765926,0.05479356718997018,0.018526256690572958,62.39942768417417,0.011346782002753117,0.012290972741425755,-0.0009441907386726376,0.03339852778150115,0.934145087363134,0.006317651575249883,0.023473434858850117,0.02955887146724434,0.897274687769648,0.24241906189543824,0,0,0,0,0,0,0,0,0.0,0.0,0.0,0.0,0.0,0.0,0.0,0.0,0.0,0.0,0.0,False,False,True,False
0.011611832751613958,0.09849473429236674,0.003762574990733736,0.035699306554023424,0.03692452821877401,0.053029185334820594,0.026413155041043627,0.03486086600785458,0.06981196179591134,0.10141195684580555,0.09748497291795702,0.042282005585881556,0.060514518392878455,0.025867173026921975,77.00688486001597,0.014311625080199534,0.012504351975492328,0.0018072731047072059,0.05270833037630438,1.1613919613649282,0.035699306554023424,0.03692452821877401,0.053029185334820594,0.9870096038799387,0.2411954070294979,1,0,0,0,0,0,0,1,0.0,0.0,0.0,0.0,0.0,0.0,0.0,0.0,0.0,0.0,0.0,True,False,False,False
0.013248492222241615,0.13509556869325348,-0.014476871072650277,0.002454376986433582,-0.025984898442350635,-0.00227432754403889,-0.01229117438921385,-0.013549744601709357,0.00863340736591089,0.0479048096876919,0.0517117959613189,0.02118496991477752,0.06615796407967695,0.04270965871327726,43.89236726539738,0.004927884903420219,0.008489620312517343,-0.0035617354090971246,0.052563942966727346,0.2422235883201102,0.002454376986433582,-0.025984898442350635,-0.00227432754403889,1.1660620445254541,0.1966462036160735,0,0,0,0,0,0,0,0,0.0,0.0,0.0,0.0,0.0,0.0,0.0,0.0,0.0,0.0,0.0,True,False,False,False
0.013987357312571301,0.173280825872243,0.012808862982572444,0.01963390054435754,0.03671105289398091,0.021758828313690914,0.022091363378758905,0.017711927445398196,0.03636052507157059,0.07647063023827537,0.08457629735549482,0.013960749698189091,0.06570068415915661,0.04652413047148286,52.92984377444523,0.004663410193458506,0.004759832911363875,-9.642271790536948e-05,0.051631250878698826,0.8430466460518293,0.01963390054435754,0.03671105289398091,0.021758828313690914,0.9967253749326073,0.24217901729084887,0,0,0,0,0,0,0,0,0.0,0.0,0.0,0.0,0.0,0.0,0.0,0.0,0.0,0.0,0.0,False,False,True,False
0.007572299054727906,0.12983011399175468,0.0063402836891353065,0.011064777677926907,0.02621049577221779,0.04875177296918909,0.0116907779868253,0.02768368412629903,0.04465965130678739,0.08812066767351376,0.10671055043056114,0.03258789546897641,0.0768980451134125,0.05939819638496896,89.13029939746889,0.012360490254851001,0.010870282813023876,0.001490207441827126,0.0798545880969961,0.8466761871299466,0.011064777677926907,0.02621049577221779,0.04875177296918909,0.606721078439202,0.30086699529911237,0,0,0,0,0,0,0,1,0.0,0.0,0.0,0.0,0.0,0.0,0.0,0.0,0.0,0.0,0.0,True,False,False,False
0.009509281429602919,0.10966115704613916,0.002828813002763386,0.026855460133123454,0.021655775526072008,0.02951525675311717,0.010797590310789104,0.01685956892209877,0.04232300955074452,0.08099651666662004,0.13904869705116868,0.03118865690040112,0.12016322790628209,0.09279818886672593,59.467774848079344,0.01012339629026143,0.009923514544465281,0.00019988174579614685,0.03830194807455507,0.9401752331051537,0.026855460133123454,0.021655775526072008,0.02951525675311717,0.9305293671834527,0.28442317894414815,0,0,0,0,0,0,0,0,0.0,0.0,0.0,0.0,0.0,0.0,0.0,0.0,0.0,0.0,0.0,True,False,False,False
0.013436643454676234,0.14119230630300408,0.008749741813260714,0.012601847625052676,0.005688821078489781,0.004621920690682346,0.004759134923410925,0.0003430757144140435,0.019830209749784423,0.059008430687602045,0.13248408741709988,0.014999689281274672,0.13209569287848055,0.11046336595084305,48.593846005330185,0.004615145564386748,0.006449613778195359,-0.0018344682138086113,0.03273142004828169,0.5104815407919356,0.012601847625052676,0.005688821078489781,0.004621920690682346,1.0135753739988067,0.3266993399256189,0,0,0,0,0,0,0,0,0.0,0.0,0.0,0.0,0.0,0.0,0.0,0.0,0.0,0.0,0.0,True,False,False,False
0.009754876715000412,0.08776602790526132,0.005108446211097073,0.016874296964046964,0.003450312821460244,0.02200143328304116,0.01302426937125413,0.010907706240844231,0.017879819053574,0.038997398470198605,0.10952162997126393,0.0047931227603594615,0.09754987831394113,0.09003205408168775,53.92275673763941,0.0032447013495968103,0.0031579061545147506,8.679519508205949e-05,0.02927176092562184,0.8726358065222041,0.016874296964046964,0.003450312821460244,0.02200143328304116,0.9436611940356012,0.17921687025639793,0,0,0,0,0,0,0,0,0.0,0.0,0.0,0.0,0.0,0.0,0.0,0.0,0.0,0.0,0.0,False,False,True,False
0.01162555051699313,0.13398631019398663,-0.0010613701622379512,-0.004985308319035431,-0.01957392042826278,-0.02299195704611312,-0.009325310361630649,-0.014137096785131115,-0.011494590536559532,0.0006717090753871136,0.06084896515388809,-0.0021896998052112807,0.07606134858558115,0.07318478482552322,36.34888520212034,-0.002038329951654184,-0.00025185194899834235,-0.0017864780026558419,0.03572086850055794,0.10423423677645739,-0.004985308319035431,-0.01957392042826278,-0.02299195704611312,1.2062375396236433,0.22305474977362513,0,0,0,0,0,0,0,0,0.0,0.0,0.0,0.0,0.0,0.0,0.0,0.0,0.0,0.0,0.0,True,False,False,False
0.01283978095139851,0.1615371826049202,-0.004319118512281506,-0.018010466703997086,0.027044180737125334,0.034075805071872134,-0.009893456266169692,0.008907717238405916,0.0006306820271150903,0.0016256739867520607,0.03880236701735375,0.01062929879606369,0.02963070781218308,0.03814762596816343,56.343473565109974,0.006538182585096188,0.0035402273813931765,0.002997955203703011,0.08972691796629109,0.5992758632560231,-0.018010466703997086,0.027044180737125334,0.034075805071872134,1.0267897872929443,0.2549926310108778,0,0,0,0,1,0,0,0,0.0,0.0,0.0,0.0,0.0,0.0,0.0,0.0,0.0,0.0,0.0,False,True,False,False
0.029426556564136386,0.30086530344526813,-0.02845774147366309,-0.05428450255541595,-0.0862769430585868,-0.062378180389485505,-0.04512477387841266,-0.058678791898654645,-0.07546157198510024,-0.11791340371879307,-0.13367569378824773,-0.03177043165095657,-0.0796719560168655,-0.06296560536498252,36.73578723163956,-0.015049172775017008,-0.010355944380748947,-0.004693228394268062,0.10262807382080205,-0.0717616020068071,-0.05428450255541595,-0.0862769430585868,-0.062378180389485505,1.2083986527332367,0.21683984944520196,0,1,0,0,0,0,0,0,0.0,0.0,0.0,0.0,0.0,0.0,0.0,0.0,0.0,0.0,0.0,False,False,False,True
0.009319448852517417,0.10768755580907433,0.005789758466248296,0.02685362665022284,0.021709409238108934,0.04577900170267846,0.021649935650702282,0.025144275980096227,0.05046142091072526,0.09325909353075128,0.1219086895571317,0.028200936793161508,0.09439101972697764,0.06801512861316063,67.02582348336176,0.011139737266418764,0.009896310805904009,0.0012434264605147554,0.04297027372893099,1.0851551269771667,0.02685362665022284,0.021709409238108934,0.04577900170267846,1.1508005705547102,0.19419927839067988,1,0,0,0,0,0,0,0,0.0,0.0,0.0,0.0,0.0,0.0,0.0,0.0,0.0,0.0,0.0,True,False,False,False
0.011978380385856807,0.1231917887996489,-0.011061134691276453,-0.021808990108671433,-0.041180994717803676,-0.021452192640617485,-0.02283535003820515,-0.028015928101570813,-0.03183088773938245,-0.0055136578000681315,0.05597750042649417,-0.009205754323520615,0.08641440838018401,0.09069530008125258,36.509199093375244,-0.006123587344940567,-0.0022723528101370734,-0.0038512345348034934,0.05447086890236257,-0.014328643293510482,-0.021808990108671433,-0.041180994717803676,-0.021452192640617485,1.063536801984222,0.19873227206410857,0,1,0,0,0,0,0,0,0.0,0.0,0.0,0.0,0.0,0.0,0.0,0.0,0.0,0.0,0.0,False,False,False,True
0.008218203011785637,0.11653487427852025,-0.0030244946093868075,0.006889136823716724,0.010261369176851609,0.0584628999515977,0.0035605342502109836,0.015730713400728822,0.03775345443996645,0.04381406674256634,0.07008199962629633,0.03407160706583782,0.05350954294135309,0.03115243321813493,79.48952696877356,0.011641691409047283,0.010891506029708349,0.0007501853793389342,0.06371390598417218,0.7468960764175508,0.006889136823716724,0.010261369176851609,0.0584628999515977,0.8944828360080066,0.3579050287885656,0,0,0,0,0,0,0,1,0.0,0.0,0.0,0.0,0.0,0.0,0.0,0.0,0.0,0.0,0.0,True,False,False,False
0.00893582239663883,0.0954633322468218,0.004534553603966485,0.020379484644959422,0.007650013190021232,0.0019114056459050843,0.010045004058066841,0.01006907707726143,0.022301167210042647,0.05662980008632309,0.07330439429765641,0.012134274317217659,0.06260494322167832,0.04989060828992931,58.15922917318941,0.0033910431956617392,0.004073201944933882,-0.0006821587492721428,0.030159832272951218,0.8338571974185633,0.020379484644959422,0.007650013190021232,0.0019114056459050843,1.0452853879870732,0.15410115882115127,0,0,0,0,0,0,0,0,0.0,0.0,0.0,0.0,0.0,0.0,0.0,0.0,0.0,0.0,0.0,True,False,False,False
0.006316127855693758,0.10007544500841963,-0.003916189820874938,0.004686645405356904,0.020398366228156384,0.053788527611268844,0.005602005041496551,0.01531400778093893,0.04404695795098979,0.05020034654120065,0.0824759052656752,0.03823078386553813,0.066148892825309,0.036807680940045766,84.87289687204908,0.012746382960036228,0.01191450913017569,0.0008318738298605379,0.04636620761737966,0.8302838115921025,0.004686645405356904,0.020398366228156384,0.053788527611268844,1.1092702324349426,0.21491623381052583,0,0,0,0,0,0,0,1,0.0,0.0,0.0,0.0,0.0,0.0,0.0,0.0,0.0,0.0,0.0,True,False,False,False
0.010448951174427137,0.12728326465784956,0.005324958884374231,0.026308459403867612,0.005324958884374231,0.011107477912522201,0.009725945956256875,0.009599235842098684,0.029812282921623537,0.057351540074960634,0.08930752152927313,0.01989286008328129,0.07895042196688115,0.05777289666701094,54.24346097886261,0.0057439154053481895,0.006611104659908533,-0.000867189254560343,0.028219766186046474,0.8401600062457326,0.026308459403867612,0.005324958884374231,0.011107477912522201,0.7280345646965422,0.3647342598861583,0,0,0,0,0,0,0,0,0.0,0.0,0.0,0.0,0.0,0.0,0.0,0.0,0.0,0.0,0.0,False,False,True,False
0.009557361921908172,0.11831566044812229,0.001412875626370047,0.00906144127264441,0.026265605913498247,0.02552299679737513,0.010199263107592109,0.019740732269012917,0.03720077365679996,0.07172168662442394,0.10348144622414955,0.026728895511312634,0.08211961266743378,0.06390341605094217,71.81549113596597,0.01031988789557092,0.008680164678654087,0.0016397232169168337,0.053369205473093484,0.8698899411003105,0.00906144127264441,0.026265605913498247,0.02552299679737513,0.7089508793356655,0.3711406155589189,0,0,0,0,0,0,0,1,0.0,0.0,0.0,0.0,0.0,0.0,0.0,0.0,0.0,0.0,0.0,True,False,False,False
0.011223208585016848,0.14795688187210831,0.0066984828368061855,0.020042286116151997,0.026946699260565365,0.02082649229367184,0.014630222418783562,0.015348172164869986,0.028273383636663315,0.05980719959974941,0.10027186435538675,0.013446436855937261,0.08363997150794795,0.07001881198566921,57.166846266768985,0.00572710268142694,0.004893243249891703,0.0008338594315352366,0.04056676893800191,0.8783434709411198,0.020042286116151997,0.026946699260565365,0.02082649229367184,0.6580860858162599,0.29563454377499226,0,0,0,0,0,0,0,0,0.0,0.0,0.0,0.0,0.0,0.0,0.0,0.0,0.0,0.0,0.0,False,False,True,False
0.008487125537651026,0.14949380641901244,0.005068772931416499,0.0182870648416662,0.030549192019909244,0.03732089651434434,0.017904502549865253,0.027400965763527685,0.04157837636275427,0.07318252687248085,0.11672346000791174,0.023257460551147604,0.08694024749918623,0.07214539524866866,79.28052170433119,0.009680216465848343,0.007130161259887548,0.0025500552059607947,0.05727135058021124,0.9784410614719358,0.0182870648416662,0.030549192019909244,0.03732089651434434,0.6927128280496903,0.31806133286758487,0,0,0,0,0,0,0,1,0.0,0.0,0.0,0.0,0.0,0.0,0.0,0.0,0.0,0.0,0.0,True,False,False,False
0.013830084253236513,0.1671929433312745,0.01078909865866251,0.012044054603756349,0.028121836082301455,0.007083107123927235,0.01683513911020354,0.009576068585068386,0.005861242993896174,0.032607534157845265,0.08662394422694315,-0.010792207796742974,0.07631705825778753,0.08029208978433328,51.84400810970068,-0.0013843774688817984,-0.002418548036426643,0.0010341705675448445,0.05150640557485447,0.6859199545802405,0.012044054603756349,0.028121836082301455,0.007083107123927235,0.7464927383570908,0.3490542146753199,0,0,0,0,0,0,0,0,0.0,0.0,0.0,0.0,0.0,0.0,0.0,0.0,0.0,0.0,0.0,True,False,False,False
0.009110890911334395,0.11286002627226291,-0.0026561404308551584,0.018016939166399126,0.03074870617367953,0.0012453233073328462,0.014831084551793827,0.018431218894671704,0.010236373705245418,0.026733195999101966,0.0790289003185303,-0.004527562188911163,0.05950100536944139,0.068095475874596,62.664852938736914,0.0019075114127660156,-0.0012566044916164276,0.0031641159043824434,0.042228262501052674,0.9364664280045206,0.018016939166399126,0.03074870617367953,0.0012453233073328462,0.7344909848335189,0.2594348587046057,0,0,0,0,0,0,0,0,0.0,0.0,0.0,0.0,0.0,0.0,0.0,0.0,0.0,0.0,0.0,True,False,False,False
0.006656188781346233,0.10460162880615546,0.005105907345231753,0.004992179385524764,0.01489394714631942,0.06986742507826693,0.004900710953565593,0.016119220412381393,0.0398799071164812,0.05605202860400676,0.09575480605011766,0.03480860923038189,0.07837228549364217,0.053732069012251506,70.76823432473974,0.011247667319593355,0.010987768841223345,0.00025989847837001005,0.05913250289962016,0.7725949287102633,0.004992179385524764,0.01489394714631942,0.06986742507826693,0.7446467961765113,0.27526998207876974,0,0,0,0,0,0,0,1,0.0,0.0,0.0,0.0,0.0,0.0,0.0,0.0,0.0,0.0,0.0,True,False,False,False
0.006863262900358029,0.07137012388562997,0.0025424453987912266,0.0048191106722934585,0.003262873353718332,0.02318214265945384,0.005142089173582945,0.009364676049808368,0.03358281120717677,0.057745514062392915,0.09905998406165831,0.02829522546108629,0.08886313355335194,0.06334971145467022,61.51106711230064,0.007557895379951583,0.008681965288826143,-0.0011240699088745606,0.02785617186860828,0.836179576073108,0.0048191106722934585,0.003262873353718332,0.02318214265945384,0.7461218798028124,0.22893265578728392,0,0,0,0,0,0,0,0,0.0,0.0,0.0,0.0,0.0,0.0,0.0,0.0,0.0,0.0,0.0,False,False,True,False
0.008593407704704334,0.10022524173080907,0.017072001948434945,0.016674102181361894,0.010960957640679725,0.014913559661918985,0.011377141637652279,0.009671460542974714,0.026016679474642285,0.054694178354978314,0.09413678178666174,0.014474855357404287,0.0836562431885158,0.06639278256850505,52.29047669351251,0.003620291487557761,0.004970318244484733,-0.0013500267569269725,0.025526866795605323,0.8788737811191047,0.016674102181361894,0.010960957640679725,0.014913559661918985,2.258459741916274,0.3648793151930812,0,0,0,0,0,0,0,0,0.0,0.0,0.0,0.0,0.0,0.0,0.0,0.0,0.0,0.0,0.0,True,False,False,False
0.010360203062796374,0.13632833213341095,-0.008198774096386141,-0.0005361710303529721,0.01708905856459575,0.00926430991299343,0.0028155422381488313,0.0010157264970114268,0.00417850426468827,0.01949818104590726,0.059161785682199805,0.0013591353236284034,0.05808705862061397,0.054754489549418466,49.71242262125878,0.0024651647867918194,0.0015630483951945401,0.0009021163915972792,0.043395981771564965,0.5234060034027616,-0.0005361710303529721,0.01708905856459575,0.00926430991299343,0.9016591498462653,0.3013734359812799,0,0,0,0,0,0,0,0,0.0,0.0,0.0,0.0,0.0,0.0,0.0,0.0,0.0,0.0,0.0,True,False,False,False
0.006094494410412794,0.0652147736718414,-0.006430162525207894,0.002656972299731164,0.001837910577888957,0.00818259525054521,-0.0005449186941563748,0.004324513645702797,0.02414895310809933,0.04315593494638447,0.07967180634252155,0.024707335291138634,0.07502285533518216,0.05421365033467134,62.68597212909773,0.008018030141393531,0.008349670025563607,-0.0003316398841700742,0.030378175933816937,0.6423559352320676,0.002656972299731164,0.001837910577888957,0.00818259525054521,1.335411927772445,0.21534436687915667,0,0,0,0,0,0,0,0,0.0,0.0,0.0,0.0,0.0,0.0,0.0,0.0,0.0,0.0,0.0,True,False,False,False
0.0062998981449392194,0.06331604387672286,0.0037013904849785284,0.00426160695560851,0.004720302170187596,0.0209340118337078,0.0038337179482810504,0.007682180120456681,0.026643712366648472,0.04725231561447569,0.08377482695034782,0.022722881300489075,0.07551254585130715,0.055648433721957026,63.106041865571406,0.006482259919548311,0.007129076433518511,-0.0006468165139701992,0.019992100568283554,0.8842607781117341,0.00426160695560851,0.004720302170187596,0.0209340118337078,0.9879007892507999,0.22753068174369032,0,0,0,0,0,0,0,0,0.0,0.0,0.0,0.0,0.0,0.0,0.0,0.0,0.0,0.0,0.0,False,False,True,False
0.014809172272333993,0.18321975269263985,0.011435130359614964,0.02662507499087119,0.06998457032940708,0.02615501227698247,0.027755187742925104,0.0427388931741007,0.02611861437724808,0.0302317175490801,0.061839633529179656,-0.0015923766527232391,0.018317855486272544,0.03481178360029136,83.91228335543603,0.00503657671394813,-0.0015763016836664791,0.006612878397614609,0.09496599457015042,0.9500441802094739,0.02662507499087119,0.06998457032940708,0.02615501227698247,0.8427164170884943,0.4001512744840899,0,0,0,0,0,0,0,1,0.0,0.0,0.0,0.0,0.0,0.0,0.0,0.0,0.0,0.0,0.0,False,False,True,False
0.009522027947395524,0.13399923221337776,0.006000588586411615,0.011104608444167496,0.02483990595608776,0.02493950057875982,0.013588725416332763,0.026493345035491635,0.03303086155200692,0.04838715149192386,0.06957514516198658,0.019181484213617584,0.041969877676124014,0.03537579076299443,85.44777521187143,0.009001921209529938,0.005829069760328099,0.003172851449201838,0.06760566589589412,0.8918805426203287,0.011104608444167496,0.02483990595608776,0.02493950057875982,1.1818583381187657,0.2929057964848147,0,0,0,0,0,0,0,1,0.0,0.0,0.0,0.0,0.0,0.0,0.0,0.0,0.0,0.0,0.0,False,False,True,False
0.009471984833970942,0.10904863580445749,0.0019129922313179115,0.010662095759758294,0.005954328160494349,0.008846388386200443,0.007560759792962105,0.007512363932451659,0.009186527838206896,0.020089526488205573,0.046907313682009275,0.00161356824334729,0.03910120725049369,0.03737741716053683,52.11076517326799,0.0022757162158108407,0.0010309368492012973,0.0012447793666095434,0.031428597127931016,0.7390295660309738,0.010662095759758294,0.005954328160494349,0.008846388386200443,0.6705386231430865,0.3738012173496311,0,0,0,0,0,0,0,0,0.0,0.0,0.0,0.0,0.0,0.0,0.0,0.0,0.0,0.0,0.0,True,False,False,False
0.010239187310197267,0.11495350208742654,0.010427439392190818,0.015990950197710463,0.017988998620308116,0.008746396756021735,0.009423060995606556,0.009473438049853013,0.016947507398705538,0.025644642059490283,0.05133654002351524,0.00745420497494631,0.041470236259544664,0.0338159367859359,51.54520004159435,0.002445700549475346,0.0022876373601616066,0.0001580631893137395,0.023801574007076654,0.8980172927654442,0.015990950197710463,0.017988998620308116,0.008746396756021735,0.9118660208811749,0.3242698893454693,0,0,0,0,0,0,0,0,0.0,0.0,0.0,0.0,0.0,0.0,0.0,0.0,0.0,0.0,0.0,False,False,True,False
0.00848826598303853,0.09018314292060298,-0.004285529990478265,0.0030218338419591984,-0.011627450519242744,-0.01567528905875415,-0.005095595197865455,-0.010336317788420113,-0.00651840750335244,0.0025809227479574033,0.026181317638174592,-0.0014300995137014718,0.03689903558448213,0.0329142737907722,44.29261643078241,-0.0012128372953445657,2.4394908413220467e-05,-0.0012372322037577863,0.02979133538015365,0.15304281743254966,0.0030218338419591984,-0.011627450519242744,-0.01567528905875415,1.2616903767455938,0.27684944521527666,0,0,0,0,0,0,0,0,0.0,0.0,0.0,0.0,0.0,0.0,0.0,0.0,0.0,0.0,0.0,True,False,False,False
0.011506664158946125,0.13735145066805768,0.00802440973699503,0.03611529807399716,0.023132669058491206,0.013024107846875133,0.01953588236530432,0.01633410927595788,0.013111211764169543,0.017654948207920552,0.03969985261012333,-0.006301563988341106,0.022990218591415108,0.02624454308392655,56.10002084450274,0.0005739939640856197,-0.001996767690716117,0.0025707616548017367,0.04849272793727088,0.8368362633070947,0.03611529807399716,0.023132669058491206,0.013024107846875133,0.8614708424799871,0.3081345132096994,0,0,0,0,0,0,0,0,0.0,0.0,0.0,0.0,0.0,0.0,0.0,0.0,0.0,0.0,0.0,False,False,True,False
0.020694089157162178,0.2214413022119981,0.020616871784859603,-0.007023196789746056,-0.03659930972369152,-0.027614263118428295,-0.007429749869396497,-0.009342257115446803,-0.049662072303863755,-0.0635941562556373,-0.0753536170246206,-0.04254844675115971,-0.06663387066149087,-0.027034114889047695,48.180229253873875,-0.015577478751178967,-0.015228031821409803,-0.0003494469297691639,0.06141722878369441,0.34788865762163684,-0.007023196789746056,-0.03659930972369152,-0.027614263118428295,0.6904467536021041,0.27294788741445636,0,0,0,0,0,0,0,0,0.0,0.0,0.0,0.0,0.0,0.0,0.0,0.0,0.0,0.0,0.0,False,True,False,False
0.007912850127130784,0.10310245754447556,0.001561039174116985,0.008768278200374624,0.031528415304838964,0.028121543332554788,0.0074913199713291375,0.01799313599730056,0.021133531340998452,0.05596546031180724,0.0588693043234775,0.013540773105675533,0.040153677741777354,0.03695478781597029,81.41697329415972,0.00643506959170968,0.00440832485799794,0.00202674473371174,0.0483172684668207,0.8723955548036906,0.008768278200374624,0.031528415304838964,0.028121543332554788,0.7186324171049338,0.24881338269746905,0,0,0,0,0,0,0,1,0.0,0.0,0.0,0.0,0.0,0.0,0.0,0.0,0.0,0.0,0.0,True,False,False,False
0.0064726177525459,0.08327272612155459,0.005949316136560467,0.0013700847460003107,0.004656100054533097,0.03129169284910405,0.005400303121346488,0.007406188064444985,0.034463771338561586,0.04596248442102059,0.07058167676136617,0.028907359712330712,0.06271103894875,0.034914616077921436,50.62906245609595,0.007353932326879975,0.008866076827709344,-0.001512144500829369,0.025286281652924916,0.7928935209257347,0.0013700847460003107,0.004656100054533097,0.03129169284910405,0.889615192883702,0.36583740751940497,0,0,0,0,0,0,0,0,0.0,0.0,0.0,0.0,0.0,0.0,0.0,0.0,0.0,0.0,0.0,False,False,True,False
0.006434598804795877,0.06216997907790392,0.006892362987879208,0.0016155699437174764,0.011466621933940102,0.012985641012466242,0.005246374018996752,0.00855526572965055,0.019672354804916015,0.046782179561725146,0.07053634950781489,0.014350691689882828,0.06145531720894187,0.049882684828334085,60.57194842308944,0.004682985739153044,0.005050343411446625,-0.0003673576722935813,0.01963043762131127,0.9358163528847033,0.0016155699437174764,0.011466621933940102,0.012985641012466242,1.1011489368478034,0.2365365994634232,0,0,0,0,0,0,0,0,0.0,0.0,0.0,0.0,0.0,0.0,0.0,0.0,0.0,0.0,0.0,False,False,True,False
0.007504415000062418,0.07045934829041198,-0.0023277873327905985,0.008038872459740665,-0.005442409556311367,-0.0069393287398874515,0.0034988809764701758,-2.338895855930568e-05,0.011817524028816667,0.037945516364885794,0.07485443255231475,0.008289638593569638,0.07487957286610075,0.06230066887209079,45.502575637534825,0.002010245905683762,0.0030668264620072124,-0.0010565805563234505,0.02165502645023285,0.49891992934697826,0.008038872459740665,-0.005442409556311367,-0.0069393287398874515,0.9102314702910125,0.2619832806946958,0,0,0,0,0,0,0,0,0.0,0.0,0.0,0.0,0.0,0.0,0.0,0.0,0.0,0.0,0.0,True,False,False,False
0.007381420496747741,0.0642510232859823,0.008139261194650915,0.005597356556396704,0.0023852890630700063,0.004524432700617753,0.003667665545676389,0.0025581538398787695,0.0017427129001944986,0.024880560110725824,0.06329614216224701,-0.001917918362384752,0.06058300766866923,0.06144634592234383,45.58959635526985,-0.0006090273373255075,3.825318466395105e-06,-0.0006128526557919025,0.016253223261500326,0.6573936319412023,0.005597356556396704,0.0023852890630700063,0.004524432700617753,1.1400902653667295,0.19917585674057164,0,0,0,0,1,0,0,0,0.0,0.0,0.0,0.0,0.0,0.0,0.0,0.0,0.0,0.0,0.0,True,False,False,False
0.007171477588500962,0.08463123997930512,0.0016804509448600236,0.016088056047493637,0.0038194990828868125,0.00561729131310118,0.008424891982421488,0.007147778571077895,0.014317943466992411,0.0275733491331691,0.07005188122988971,0.005843817949580769,0.06245766907023214,0.05494720676279841,55.418449859201075,0.0022764502127284275,0.0021643319625929093,0.0001121182501355179,0.016892520966918328,0.923132733419472,0.016088056047493637,0.0038194990828868125,0.00561729131310118,0.6335850850453576,0.28475754634042183,0,0,0,0,0,0,0,0,0.0,0.0,0.0,0.0,0.0,0.0,0.0,0.0,0.0,0.0,0.0,False,False,True,False
0.004839819367873278,0.05556361464556891,-0.0011730043683885194,0.00012131470335630112,0.005497754245086917,0.02303712882481168,0.0004700018589203303,0.008633681840019598,0.016568557112610023,0.03254102187109855,0.07205228999751455,0.016090992457322876,0.06287575886004751,0.0545794304739236,84.60330263896876,0.005776106322329521,0.005247072972905481,0.00052903334942404,0.03803550281254573,0.7269900803617572,0.00012131470335630112,0.005497754245086917,0.02303712882481168,0.9302410235095332,0.2639041088205958,0,0,0,0,0,0,0,1,0.0,0.0,0.0,0.0,0.0,0.0,0.0,0.0,0.0,0.0,0.0,True,False,False,False
0.004043058816013314,0.03829745572277736,0.0018589503099957216,0.004457668181453434,0.0042541946014906795,0.022692382351046536,0.00241428125633321,0.005988280891227745,0.016026264889892384,0.03344147278456345,0.07104169564030544,0.013579199626425087,0.06466617552586737,0.054147646228786345,71.8799384477061,0.004861727646077654,0.005110627998766864,-0.00024890035268920947,0.023309818618489717,0.7568995061367721,0.004457668181453434,0.0042541946014906795,0.022692382351046536,0.6167143763359012,0.23754283637323023,0,0,0,0,0,0,0,1,0.0,0.0,0.0,0.0,0.0,0.0,0.0,0.0,0.0,0.0,0.0,False,False,True,False
0.0044318304066093455,0.05117699634556125,-0.003725111278293003,0.0024988994501864426,0.005719050958011396,0.017556897934716265,0.0020957993366325926,0.0057484205746991075,0.025227976142961593,0.03984437315245451,0.06992121801761216,0.023083797798216538,0.06380601364130782,0.043593466930928124,61.39013719608513,0.006771035457155808,0.0072881363774894205,-0.0005171009203336123,0.019257997834631675,0.7984952342429761,0.0024988994501864426,0.005719050958011396,0.017556897934716265,0.9037849763688707,0.31910098781583646,0,0,0,0,0,0,0,0,0.0,0.0,0.0,0.0,0.0,0.0,0.0,0.0,0.0,0.0,0.0,True,False,False,False
0.005720044439170973,0.061957194382986386,0.006542940032815858,0.008768811126997234,0.0051031866449049446,0.01336901655568945,0.006683091684645601,0.008453936895435648,0.02084894130736357,0.04173894839537683,0.0714321167957376,0.014071806450043741,0.06245022960015676,0.04955010819092786,62.25480341682304,0.004364749763538488,0.004898590963430044,-0.0005338411998915561,0.017726143512159544,0.9769191273689355,0.008768811126997234,0.0051031866449049446,0.01336901655568945,1.056340619794308,0.23857976521374522,0,0,0,0,0,0,0,0,0.0,0.0,0.0,0.0,0.0,0.0,0.0,0.0,0.0,0.0,0.0,True,False,False,False
0.00689582387178796,0.06909900797675848,0.0030131509726212258,0.008215426865885389,0.023363992953673973,0.03184944873869422,0.008173435624062628,0.018563416736302518,0.03135636115265072,0.05580712395589244,0.08808184817676905,0.02299497755982608,0.0682514513069973,0.05500086018834611,81.56034195899264,0.008347815816309525,0.007413374960137335,0.0009344408561721893,0.04615498614742974,0.9021974283993208,0.008215426865885389,0.023363992953673973,0.03184944873869422,1.0846554111350253,0.3910691547810768,0,0,0,0,0,0,0,1,0.0,0.0,0.0,0.0,0.0,0.0,0.0,0.0,0.0,0.0,0.0,False,False,True,False
0.005473041642574167,0.06735102695180656,-0.0002616811898650262,0.0037519391873945818,0.012682487138247378,0.0327136836850066,0.004135843772775752,0.012124272821767307,0.03125144291609101,0.05767514783279512,0.09181982973242277,0.027003915168923302,0.07874088098733865,0.05873289897666594,70.83262009854843,0.009459631913809077,0.009098478131629721,0.0003611537821793542,0.03856102147701245,0.8144178332774458,0.0037519391873945818,0.012682487138247378,0.0327136836850066,0.8613934532110421,0.2922858885605595,0,0,0,0,0,0,0,1,0.0,0.0,0.0,0.0,0.0,0.0,0.0,0.0,0.0,0.0,0.0,True,False,False,False
0.009573620576537711,0.10732251368838158,0.007518497798224999,0.0014288038401202297,0.02416469501060181,0.025509325407156336,0.007139965519869097,0.01964738027955373,0.023260673057729504,0.012791591826115539,0.04728011071411883,0.016006422235006,0.02710028090984661,0.023473429878443308,72.44527161494808,0.006473357069651316,0.00443798430523084,0.0020353727644204767,0.05715993484730729,0.8437264288708209,0.0014288038401202297,0.02416469501060181,0.025509325407156336,0.7732120074464391,0.2979820114279654,0,0,0,0,0,0,0,1,0.0,0.0,0.0,0.0,0.0,0.0,0.0,0.0,0.0,0.0,0.0,False,True,False,False
0.010163005303988034,0.090439675492143,0.009004454579897736,0.024402820927450275,0.011501802259552552,0.0034435219076827117,0.020449418317275606,0.01299342344224078,0.02322989616495885,0.032177176182425805,0.0485368502551787,0.002724758128892132,0.03508751981050205,0.024732422484008438,53.21798829313444,0.0016253705016983182,0.0011658388664748966,0.00045953163522342166,0.04108869139637692,0.8162286994466439,0.024402820927450275,0.011501802259552552,0.0034435219076827117,0.6726183942044837,0.3315579055349004,0,0,0,0,0,0,0,0,0.0,0.0,0.0,0.0,0.0,0.0,0.0,0.0,0.0,0.0,0.0,False,False,True,False
0.007301145359388725,0.08115742929683525,0.0021397906768607644,0.01265496398246957,0.0036185777427173438,0.019521475035835678,0.005228995452062077,0.008545433190746392,0.02411455053857361,0.04600622261054541,0.05903038722396581,0.018787316295048272,0.050057193629343605,0.0340936828473243,63.167508740613094,0.0057263936757084395,0.00616831716303039,-0.00044192348732195085,0.024467035641207155,0.8492631194092942,0.01265496398246957,0.0036185777427173438,0.019521475035835678,0.6576896279912838,0.28001820919857767,0,0,0,0,0,0,0,0,0.0,0.0,0.0,0.0,0.0,0.0,0.0,0.0,0.0,0.0,0.0,False,False,True,False
0.006161321324030178,0.05890268395621291,0.0010654405614400897,0.0072632876551503855,0.0075772988037723366,0.017042279408463035,0.005868093728348366,0.006756575119833592,0.021594230755376014,0.04581230774373298,0.06590211286568029,0.015634392943847324,0.058748598427387125,0.043371311991007064,48.77330081542746,0.005709908910625251,0.00605617768589576,-0.00034626877527050843,0.022400284031494536,0.801628993200889,0.0072632876551503855,0.0075772988037723366,0.017042279408463035,0.8462463493356366,0.1452352818776462,0,0,0,0,0,0,0,0,0.0,0.0,0.0,0.0,0.0,0.0,0.0,0.0,0.0,0.0,0.0,False,False,True,False
0.0061480455611683275,0.057666831851071694,-0.0009275912359106853,0.0039745411563543165,0.010435203028241968,0.007889805157319962,0.002425538906888423,0.005849369744769742,0.02054364640801376,0.044324701549248315,0.06644536887462256,0.018074267661698375,0.06024361196868753,0.04497771616938495,62.647924979933904,0.006398384355215597,0.006310862715157405,8.752164005819204e-05,0.022968255177375798,0.7546719243406652,0.0039745411563543165,0.010435203028241968,0.007889805157319962,0.7071919363861966,0.2561275598596106,0,0,0,0,0,0,0,0,0.0,0.0,0.0,0.0,0.0,0.0,0.0,0.0,0.0,0.0,0.0,True,False,False,False
0.01931154035944947,0.21533949190182045,0.005035501464485392,-0.01772398657086216,-0.010953681540682547,-0.026085131006370887,-0.017116823705436286,-0.014484150704540332,-0.030790682389451804,-0.05146755387965275,-0.032399260130789344,-0.013911987725301701,-0.018178408230630116,-0.0016596804344630796,51.78488869249996,-0.008240952438269706,-0.006444785746139203,-0.0017961666921305038,0.06986989638688544,0.29269826558295853,-0.01772398657086216,-0.010953681540682547,-0.026085131006370887,0.8432839761481513,0.33268427140739415,0,0,0,1,0,0,0,0,0.0,0.0,0.0,0.0,0.0,0.0,0.0,0.0,0.0,0.0,0.0,False,True,False,False
0.009954633853302591,0.11926787736521291,0.0063054349285387445,0.011566716606762562,0.004159530599773031,0.011783136368897607,0.004102039058463581,0.010800896604304767,0.029968687365285393,0.056478205283948445,0.0360005371353965,0.02576097577799634,0.02493037018046548,0.0058563428617824246,62.15643186404425,0.007294461308619118,0.008461814787420722,-0.0011673534788016046,0.04144712118126487,0.7605946154153413,0.011566716606762562,0.004159530599773031,0.011783136368897607,1.0278484102809353,0.200088137652608,0,0,0,0,0,0,0,0,0.0,0.0,0.0,0.0,0.0,0.0,0.0,0.0,0.0,0.0,0.0,True,False,False,False
0.0058918539094067945,0.06297256111626924,0.001567931251908572,0.012402596956684775,0.012786292917011943,0.04032136631514116,0.008369073248304373,0.014912671459732142,0.03801534697354149,0.08273651714031671,0.07024078297943764,0.029400221121157803,0.054515145071672017,0.031045240419472875,71.78405442681472,0.010678430957241126,0.010512531130685262,0.0001658998265558633,0.03350412567798011,0.9450995558894165,0.012402596956684775,0.012786292917011943,0.04032136631514116,1.0140600110097306,0.17172201564347675,0,0,0,0,0,0,0,1,0.0,0.0,0.0,0.0,0.0,0.0,0.0,0.0,0.0,0.0,0.0,True,False,False,False
0.012645860742932802,0.11353874601408707,-0.00431445359577598,-0.012433871861168844,-0.017202543605360776,-0.012630841699456385,-0.0037426260669507242,-0.011746172224135156,0.0009091324058741654,0.007013088033323579,0.0408027972259818,0.004669233668465171,0.05317355518711435,0.03985742913966193,37.40628129124569,-0.001144293466914672,0.0017082175725184013,-0.0028525110394330734,0.044506338766231564,0.23607866767402202,-0.012433871861168844,-0.017202543605360776,-0.012630841699456385,0.8369316694056375,0.27153148018981843,0,0,0,0,1,0,0,0,0.0,0.0,0.0,0.0,0.0,0.0,0.0,0.0,0.0,0.0,0.0,False,True,False,False
0.008832017386528144,0.13883221508532856,0.0016341614401511606,0.003642216703339418,0.024314335421556033,0.011346545785585693,0.005924306902649582,0.016416909680157077,0.020225121912225787,0.023928691500760137,0.054060377940703085,0.014216591558076542,0.03703546045135312,0.03316449997335812,62.61508294948973,0.004820049205450629,0.0029221014485931182,0.0018979477568575106,0.05224410005341736,0.8142347109696882,0.003642216703339418,0.024314335421556033,0.011346545785585693,0.5570785489851962,0.38364762117330486,0,0,0,0,0,0,0,0,0.0,0.0,0.0,0.0,0.0,0.0,0.0,0.0,0.0,0.0,0.0,True,False,False,False
0.0069371435589513026,0.07351193081286726,0.009134094100261114,0.0017819923581745556,0.014826095688736718,0.021708258905373867,0.006701473525103471,0.010906406663409366,0.03635472877348299,0.05419344824141962,0.07969686476934025,0.029455857598523795,0.06804829572005601,0.04182171875372471,58.3514820219091,0.007601923312473471,0.00874880968437501,-0.0011468863719015397,0.02708129069882599,0.9027284661097107,0.0017819923581745556,0.014826095688736718,0.021708258905373867,0.9318470100218263,0.24616160004191812,0,0,0,0,0,0,0,0,0.0,0.0,0.0,0.0,0.0,0.0,0.0,0.0,0.0,0.0,0.0,False,False,True,False
0.0071106757141419135,0.07947364298307871,0.008619138026591422,0.016377121818632823,0.005230039192938962,0.025978609926743612,0.012286093671716345,0.014324306915631762,0.037951957537083,0.05925900182634978,0.08451582558631315,0.025354357849837333,0.06920027272551568,0.044861294119739215,66.02804293703319,0.007657625626037687,0.007905534969192817,-0.00024790934315513017,0.02617179561287993,1.0473184617329938,0.016377121818632823,0.005230039192938962,0.025978609926743612,1.7490666026240826,0.2928208232994038,1,0,0,0,0,0,0,0,0.0,0.0,0.0,0.0,0.0,0.0,0.0,0.0,0.0,0.0,0.0,True,False,False,False
0.006027902772387236,0.0724283967196013,-0.007572321109961977,-0.0016411181672111308,0.013783963416734935,0.04024637629925598,0.0017305560417036966,0.013088805107575908,0.035101513334188955,0.06771488321833975,0.095894948224479,0.03331330674822299,0.08173631245299393,0.05873185780056193,72.07768026846273,0.01122610672276163,0.011015876081207649,0.00021023064155398038,0.05403223117341801,0.742240692700011,-0.0016411181672111308,0.013783963416734935,0.04024637629925598,1.2705477682679347,0.46070834676706535,0,0,0,0,0,0,0,1,0.0,0.0,0.0,0.0,0.0,0.0,0.0,0.0,0.0,0.0,0.0,True,False,False,False
0.00694367294101069,0.07280888052599066,0.00012072685002340044,0.01187971975711899,0.026678870757032014,0.03308081759899362,0.008366021712537195,0.017824369895419398,0.043766082612651,0.07943941535158819,0.11525845391223291,0.035106360327366894,0.09572779636512808,0.06849462967854765,73.23500363226759,0.012425814861545573,0.011662786859096245,0.0007630280024493278,0.045640765221447256,0.8905361754768184,0.01187971975711899,0.026678870757032014,0.03308081759899362,0.8775185092828964,0.3072310088884952,0,0,0,0,0,0,0,1,0.0,0.0,0.0,0.0,0.0,0.0,0.0,0.0,0.0,0.0,0.0,True,False,False,False
0.018324012859206783,0.2938078305542436,0.015437468671097188,0.05665722099509796,0.02724866298023909,-0.002802079678717262,0.027122214016495894,0.023672763042747715,0.057913153949818164,0.09533618223535933,0.06028543410453366,0.029977873628997138,0.035765991226492204,0.0022424148389292324,61.817602487525974,0.009409911743253112,0.00986658065886066,-0.00045666891560754933,0.07869627094161498,0.8008117507919862,0.05665722099509796,0.02724866298023909,-0.002802079678717262,0.5840744783024628,0.3971052009761278,0,0,1,0,0,0,0,0,-0.6306480862485894,0.32311675201531787,0.92,2.0,2.0,4.0,0.0,0.0,25.0,1.0,1.0,True,False,False,False
0.014469115126385237,0.16714883539257716,-0.006440251988293455,-0.002610967930063768,0.010359336937669994,0.04402147094805775,-0.002905407645692787,0.013398636694750506,0.037423289789387255,0.10784796076480453,0.06568738453882708,0.04044621016332787,0.05159741285484546,0.027244515356097197,55.70791060701632,0.01436592171450582,0.01402692096636831,0.00033900074813750973,0.08855412853196433,0.6513044836742328,-0.002610967930063768,0.010359336937669994,0.04402147094805775,0.9673142979432576,0.2714758537767572,0,0,0,0,0,0,0,0,0.0,0.0,0.0,0.0,0.0,0.0,0.0,0.0,0.0,0.0,0.0,True,False,False,False
0.01266602179704131,0.1355329001424964,0.007901759250007467,0.017576353955144564,0.014919494728576455,0.04576733061066607,0.007771285473754802,0.01765249103309992,0.044098205840844326,0.12114168460867876,0.08142705583934826,0.03604679046795046,0.06266831297342544,0.035752240344519945,68.1478378090454,0.012504771181459342,0.013040409657109564,-0.0005356384756502225,0.05084283473949622,0.8471972230412822,0.017576353955144564,0.014919494728576455,0.04576733061066607,1.2466849532413196,0.23553108216583804,0,0,0,0,0,0,0,0,0.0,0.0,0.0,0.0,0.0,0.0,0.0,0.0,0.0,0.0,0.0,False,False,True,False
0.008670847451971742,0.09153288708010258,0.003547039516540007,0.007837317460434035,0.014675248632708637,0.05796528408909385,0.007053999856883321,0.020858674591200416,0.056434465949778516,0.11521506951022265,0.11387271879068786,0.049034576199402276,0.09111353658892561,0.05436991568546561,76.36890232499142,0.015343898593330976,0.015652907467636076,-0.00030900887430509967,0.07025050412231931,0.7969185040278365,0.007837317460434035,0.014675248632708637,0.05796528408909385,1.0637420801967397,0.23594815608639355,0,0,0,0,0,0,0,1,0.0,0.0,0.0,0.0,0.0,0.0,0.0,0.0,0.0,0.0,0.0,True,False,False,False
0.020016983294087173,0.21758433917751346,-0.0039685273705225566,-0.0028548226450647585,-0.03908108838309832,0.0005315730649659844,-0.004659075056779585,-0.011391014642108576,0.01707071047495039,0.06973050221426999,0.1002670973722934,0.02183150012943511,0.11294466636268742,0.08180000273382376,42.360793346836275,0.0035116765246421973,0.008460370035419846,-0.004948693510777649,0.07776780501894182,0.3535253163010827,-0.0028548226450647585,-0.03908108838309832,0.0005315730649659844,1.1174471743985144,0.416927025106206,0,0,0,0,0,0,0,0,0.0,0.0,0.0,0.0,0.0,0.0,0.0,0.0,0.0,0.0,0.0,True,False,False,False
0.01910228123973594,0.20192130496420702,0.017406817982424938,0.01752820634286345,0.056162003917545666,0.006869113832123963,0.020236634629756025,0.022727431172455292,0.015145087697210879,0.05620335967133377,0.10492181388983104,-0.004990554896504837,0.08036782842829204,0.08843733499836234,55.55456491766633,0.0011815668421704818,-0.0015501033599772242,0.002731670202147706,0.05967940339678056,0.8808253749011394,0.01752820634286345,0.056162003917545666,0.006869113832123963,0.7269706207428875,0.2332081873733385,0,0,0,0,0,0,0,0,0.0,0.0,0.0,0.0,0.0,0.0,0.0,0.0,0.0,0.0,0.0,True,False,False,False
0.02055560202666566,0.21896682610741203,0.012482298269956615,0.022591464261572547,0.09803141726284004,0.06011509976432872,0.030285861132585884,0.052970782387126485,0.06647019762224865,0.08561478259129389,0.16297412341288364,0.03512067655658749,0.10446950937838485,0.0904890975910959,69.48921919721832,0.014050860460574974,0.007986899060520839,0.006063961400054136,0.1247887375801839,0.924483678690072,0.022591464261572547,0.09803141726284004,0.06011509976432872,0.8726237990405377,0.35882409657550873,0,0,0,0,0,0,0,0,0.0,0.0,0.0,0.0,0.0,0.0,0.0,0.0,0.0,0.0,0.0,False,False,True,False
0.010836385502099179,0.14084902896839965,-0.00027265063500026,0.011112426819742671,0.02921839554775385,0.06738651738289048,0.012485880848873534,0.02168660811898802,0.0571626077656755,0.07841019016233033,0.16918862153812672,0.0441257777139023,0.14437109407815615,0.10596857375538414,68.98564664101805,0.015857900972840372,0.014664477340333272,0.0011934236325071006,0.057761529224460754,0.8754507266369986,0.011112426819742671,0.02921839554775385,0.06738651738289048,0.8907035420558266,0.39085697076646997,0,0,0,0,0,0,0,0,0.0,0.0,0.0,0.0,0.0,0.0,0.0,0.0,0.0,0.0,0.0,True,False,False,False
0.014367521342071254,0.1741759375302886,0.011365840970691377,0.022667636048323336,0.005075132361926249,0.03383747851211494,0.016559814138026645,0.01661864821933951,0.0377106578093122,0.08394356353090839,0.15516901833884314,0.020806295288408612,0.1362854895119048,0.11318989512692745,57.57099731162482,0.007065656657939313,0.0076150095729154545,-0.0005493529149761414,0.04162528846837165,0.8992440372387315,0.022667636048323336,0.005075132361926249,0.03383747851211494,0.694566290920741,0.3774543195042175,0,0,0,0,0,0,0,0,0.0,0.0,0.0,0.0,0.0,0.0,0.0,0.0,0.0,0.0,0.0,True,False,False,False
0.0130884531762224,0.17385762804718527,0.016114895537728824,0.01668898697535326,0.008163557877634231,0.044476042009844674,0.009980817627835384,0.018993302822459077,0.02742092725953462,0.059448099773784104,0.1306104809983293,0.01726776323600008,0.10953671419302498,0.10043551868661539,69.57380539476846,0.005440304403115731,0.005400266506095546,4.00378970201848e-05,0.05818479257837835,0.8264307043266327,0.01668898697535326,0.008163557877634231,0.044476042009844674,1.0872228313078924,0.2696028163673322,0,0,0,0,0,0,0,0,0.0,0.0,0.0,0.0,0.0,0.0,0.0,0.0,0.0,0.0,0.0,False,False,True,False
0.013184915575304323,0.14307046255628594,-0.0026218676018956444,0.013442822971122093,-0.011762191330652816,-0.01252230293649259,-0.008525897211967944,-0.011452951667378647,0.009709290469316605,0.04342920136200347,0.11392886984496377,0.018391995948262366,0.12683445034186633,0.10321741154546128,40.073314061378206,0.002937469128426507,0.006231293919073703,-0.003293824790647196,0.037198280247810855,0.19211072148818872,0.013442822971122093,-0.011762191330652816,-0.01252230293649259,1.3184142612050773,0.28949047754283785,0,0,0,0,0,0,0,0,0.0,0.0,0.0,0.0,0.0,0.0,0.0,0.0,0.0,0.0,0.0,True,False,False,False
0.008087993320511614,0.08820376558879867,0.00534622302366472,3.339324670315058e-05,0.005243508986370271,0.012701780135156326,0.004387617868960632,0.00723772631546392,0.015946757182336242,0.050502275600618755,0.12158875098731899,0.011508643782269025,0.11352933044928527,0.10398378956193935,57.61838446753817,0.004261823403580419,0.005052394485643195,-0.0007905710820627754,0.02291132707521808,0.8159016626013152,3.339324670315058e-05,0.005243508986370271,0.012701780135156326,0.9687133245489231,0.31059231564467504,0,0,0,0,0,0,0,0,0.0,0.0,0.0,0.0,0.0,0.0,0.0,0.0,0.0,0.0,0.0,False,False,True,False
0.009921817084712401,0.1115480686145701,0.0024545968246458827,0.03776720309372572,0.009014323178202943,0.03377787570268587,0.015024280432682703,0.018144389697299073,0.03848900050270912,0.06571353617830623,0.13383017520793708,0.02311739780256677,0.11362414474928466,0.09180759224130004,59.94102753219223,0.008196382183477558,0.0076454783703462014,0.0005509038131313559,0.038563467456080164,0.9705072156170519,0.03776720309372572,0.009014323178202943,0.03377787570268587,0.6526195159346494,0.36942557544877097,0,0,0,0,0,0,0,0,0.0,0.0,0.0,0.0,0.0,0.0,0.0,0.0,0.0,0.0,0.0,True,False,False,False
0.007607987443427142,0.07767580745525987,0.003076558102420357,0.015528995695055281,0.030305111258201123,0.025873534710159518,0.008705012203699364,0.015557456148572719,0.03202483411119571,0.05908101992884467,0.12351548082248236,0.023118574434908334,0.10630420171728396,0.0886515941160278,62.32608085113415,0.008571708617566882,0.007701544787127686,0.0008701638304391969,0.037124388435528996,0.9190629611472289,0.015528995695055281,0.030305111258201123,0.025873534710159518,0.7438797421545944,0.33170195722382473,0,0,0,0,0,0,0,0,0.0,0.0,0.0,0.0,0.0,0.0,0.0,0.0,0.0,0.0,0.0,True,False,False,False
0.006587354737815806,0.06739714799784474,0.0033965639329349706,0.012851215706198849,0.006039750172362579,0.035582853439025675,0.0049678655993250906,0.01412062247953853,0.04547241503202206,0.05679761022380139,0.10730679709573102,0.040304322973094844,0.09188864968385224,0.05914491972685383,72.41225555767876,0.01223321292568094,0.012598961613162981,-0.00036574868748204107,0.04784232532926416,0.7951491672354236,0.012851215706198849,0.006039750172362579,0.035582853439025675,0.9402241802178063,0.17449408924606225,0,0,0,0,0,0,0,1,0.0,0.0,0.0,0.0,0.0,0.0,0.0,0.0,0.0,0.0,0.0,False,False,True,False
0.01242567390489517,0.19246694140131235,-0.0008172055396652445,0.048111715707933156,0.025666634423051837,0.030015735589141723,0.022045817239196328,0.02920058478702509,0.03292198012390151,0.05739276246881025,0.10086269737334749,0.0106415609762823,0.0696289077616018,0.0657752652734685,58.52726166649363,0.006815186383527881,0.004113033723159256,0.0027021526603686254,0.06741548365812396,0.9331435925774338,0.048111715707933156,0.025666634423051837,0.030015735589141723,0.4973854558422401,0.33300127359099796,0,0,0,0,0,0,0,0,0.0,0.0,0.0,0.0,0.0,0.0,0.0,0.0,0.0,0.0,0.0,True,False,False,False
0.02044249625841771,0.22632678829201838,-0.017738470775075843,-0.0541357922817135,-0.06428794085719214,-0.028816535383137554,-0.04142568242954785,-0.04774576728127497,-0.07393918991995267,-0.07298788203490479,-0.04700446094482297,-0.03391860901595164,0.0007784752337992157,0.029085270299691775,26.50030347668202,-0.01517745449287408,-0.01090397798499106,-0.00427347650788302,0.0864595321713611,-0.05223254258008008,-0.0541357922817135,-0.06428794085719214,-0.028816535383137554,1.0736839044879862,0.23521737266759105,0,1,0,0,0,0,1,0,0.0,0.0,0.0,0.0,0.0,0.0,0.0,0.0,0.0,0.0,0.0,False,False,False,True
0.022365488197148398,0.2608175196248582,0.022174083539750145,0.01920870341251968,-0.005183828112544031,-0.023492496636717597,0.02370918387852259,0.013627283613309202,-0.01757987217681054,-0.03970395578292847,-0.01897929614793546,-0.04033279832354483,-0.03216821438054721,-0.001424465899559402,54.208883747607956,-0.012035541492416646,-0.013944106101674956,0.0019085646092583098,0.07565679842272112,0.6801197499419521,0.01920870341251968,-0.005183828112544031,-0.023492496636717597,1.1646406246541394,0.23710975832735692,0,0,0,1,0,0,0,0,0.0,0.0,0.0,0.0,0.0,0.0,0.0,0.0,0.0,0.0,0.0,False,True,False,False
0.02282768903234573,0.25113147253565443,-0.03695570702501105,-0.032954639904802074,-0.05890957471231861,-0.08776922072278726,-0.04041221687933367,-0.05897728321537743,-0.05646763913006994,-0.07808001113687102,-0.07583699559132329,-0.016731582595312523,-0.017916371279063006,-0.020528555526590456,29.897143704709762,-0.015492831291144291,-0.007855226186466406,-0.007637605104677885,0.11621305100835752,-0.0074927704215944834,-0.032954639904802074,-0.05890957471231861,-0.08776922072278726,1.5671524992979697,0.25303048879269835,0,1,0,0,0,0,1,0,0.0,0.0,0.0,0.0,0.0,0.0,0.0,0.0,0.0,0.0,0.0,False,False,False,True
0.024770194225672285,0.30506420798319717,0.014256525760271588,-0.0778658169274079,-0.07419611990408193,-0.07131651873828615,-0.04866791981032796,-0.05060079832874433,-0.08460937057741708,-0.1116820364687553,-0.13859416666648772,-0.03778013116084898,-0.09268321290227129,-0.05897459986358347,39.97354172449462,-0.02019359096793808,-0.012693903510479198,-0.007499687457458885,0.13832230156178463,0.13418192325159944,-0.0778658169274079,-0.07419611990408193,-0.07131651873828615,1.317333720775795,0.29566145816628103,0,0,0,0,0,0,0,0,0.0,0.0,0.0,0.0,0.0,0.0,0.0,0.0,0.0,0.0,0.0,False,True,False,False
0.01702763819673151,0.20283805681203218,0.010747683057552804,0.047751536624419666,0.013964465436881346,-0.037766167989982,0.0296980775658091,0.0035162303500829613,0.020160936316977258,0.024249139378594395,-0.03134980210035243,-0.00926207541474439,-0.034743865017780685,-0.05049275715584216,48.003327071789954,-0.004491863658638813,-0.003246652682330304,-0.0012452109763085098,0.12604241487376822,0.5278971991579539,0.047751536624419666,0.013964465436881346,-0.037766167989982,0.9867254402336353,0.22422738174014353,0,0,0,0,0,0,0,0,0.0,0.0,0.0,0.0,0.0,0.0,0.0,0.0,0.0,0.0,0.0,True,False,False,False
0.020725390666769546,0.25225219249679026,0.014393191191454768,-0.03256894986976977,0.005503855135587932,0.03737712077701705,-0.011626124199581301,0.01008621550319642,-0.0073557870229118616,-0.029385274398539083,-0.07258715407352155,0.004320568644341369,-0.08184783467768882,-0.06571475076147484,57.125769065674625,0.001984628211876115,4.6719857212879236e-05,0.001937908354663236,0.10915811930318071,0.5924000483663749,-0.03256894986976977,0.005503855135587932,0.03737712077701705,1.0582340453800103,0.20392311511079142,0,0,0,0,0,0,0,0,0.0,0.0,0.0,0.0,0.0,0.0,0.0,0.0,0.0,0.0,0.0,False,True,False,False
0.019497701858653207,0.18485796617460534,-0.0042098398281795735,-0.005458088149396301,-0.006392284363425982,-0.05981973209214875,-0.001826848743418075,-0.017009022666361003,-0.018389478067232047,-0.016125505354929022,-0.039009853266382226,-0.016592942119274177,-0.022381518352994883,-0.02100667702557746,34.52268599040801,-0.00735917401486402,-0.004753490161782565,-0.002605683853081456,0.07456032250267687,0.2718756827299084,-0.005458088149396301,-0.006392284363425982,-0.05981973209214875,0.9077855007211885,0.25110932995996843,0,0,0,0,0,0,0,0,0.0,0.0,0.0,0.0,0.0,0.0,0.0,0.0,0.0,0.0,0.0,True,False,False,False
0.0107412893841905,0.13009092286170854,0.01446109614621438,0.032002928883058335,0.02072834482167063,0.05625346365970585,0.022501590915933442,0.0291955943494064,0.04075912271286534,0.05634644017043246,0.0844785990666705,0.017855749036612474,0.05371477007945276,0.04200729582830369,68.93120445369364,0.0076964423982942756,0.005693634939149413,0.0020028074591448624,0.04421584896530704,1.1602970435400677,0.032002928883058335,0.02072834482167063,0.05625346365970585,1.136685279009214,0.22908093778294336,1,0,0,0,0,0,0,0,0.0,0.0,0.0,0.0,0.0,0.0,0.0,0.0,0.0,0.0,0.0,True,False,False,False
0.008447897082609119,0.08750765684704484,0.009790180767135448,0.01048258086491205,0.01700490267758914,0.042934433867341415,0.006620132647001752,0.018258267442932245,0.04916485941791396,0.08948559711761164,0.1311470118108297,0.04226492734556865,0.11086454976828777,0.07814039105198411,78.86272935260153,0.012893602227004749,0.0131825148332952,-0.00028891260629045057,0.05423525503739197,0.8366494253662909,0.01048258086491205,0.01700490267758914,0.042934433867341415,1.128817052160798,0.23283052398922038,0,0,0,0,0,0,0,1,0.0,0.0,0.0,0.0,0.0,0.0,0.0,0.0,0.0,0.0,0.0,True,False,False,False
0.014326732392628433,0.13097988694311585,-0.012288110789299367,-0.0238934271809208,-0.019439345000951014,-0.02144414764656022,-0.024616722663197296,-0.01888663894834212,-0.03603255740040246,-0.03964239170937492,0.00331764203221172,-0.011703947568565139,0.02263171806849416,0.04082108761525782,43.196948638817354,-0.0056917722609146825,-0.005295473570451199,-0.00039629869046348435,0.043689846501310206,0.06771102531166522,-0.0238934271809208,-0.019439345000951014,-0.02144414764656022,1.3581470090108831,0.19562297507126966,0,0,0,0,0,1,0,0,0.0,0.0,0.0,0.0,0.0,0.0,0.0,0.0,0.0,0.0,0.0,False,False,False,True
0.008604813229113191,0.10873218228155396,0.005655330884172471,0.016574516347576118,0.0019132039209766027,0.035719688870626376,0.007485906759020495,0.009926295243654445,0.046229165147986,0.07299133209301786,0.09773282987427596,0.0384553849627521,0.08694350770363628,0.04922790000697879,52.44739188705733,0.010254422036762457,0.01212660505160004,-0.0018721830148375833,0.033124560260552924,0.7996657213129975,0.016574516347576118,0.0019132039209766027,0.035719688870626376,0.7765495434423162,0.2849703311328755,0,0,0,0,0,0,0,0,0.0,0.0,0.0,0.0,0.0,0.0,0.0,0.0,0.0,0.0,0.0,False,False,True,False
0.007663908458803657,0.09491128088779813,-0.0007734771742438085,0.012436695404157705,0.03360504481939075,0.03277873016608224,0.01370989025624822,0.025663045074286267,0.04785494447475775,0.0919747876231332,0.1172824739032197,0.03368326041475067,0.08932702535099885,0.0662568133066002,80.14914469607336,0.01287914107762456,0.011370715475138878,0.0015084256024856827,0.06313807594451072,0.90645909287512,0.012436695404157705,0.03360504481939075,0.03277873016608224,0.744426144421344,0.23295209618165594,0,0,0,0,0,0,0,1,0.0,0.0,0.0,0.0,0.0,0.0,0.0,0.0,0.0,0.0,0.0,True,False,False,False
0.009821909621901551,0.11247883127372128,0.005557012075976031,0.00102987378282271,0.019977691921614582,0.04137270733756471,0.006749732153679214,0.013285847060021826,0.04092890381860714,0.09058370480200695,0.1353856484591541,0.03395001813589806,0.12049887181726295,0.09074274361489634,63.752020439021805,0.010419742002460307,0.011235114253876046,-0.0008153722514157399,0.0378156076816444,0.8513323697418921,0.00102987378282271,0.019977691921614582,0.04137270733756471,0.8630017882109893,0.25375854963417604,0,0,0,0,0,0,0,0,0.0,0.0,0.0,0.0,0.0,0.0,0.0,0.0,0.0,0.0,0.0,False,False,True,False
0.009672128897339533,0.11789179116763203,0.004587906527359298,0.01191146775518237,0.04247167886085701,0.039262614036336796,0.015566166561201442,0.027832647145364556,0.020462403182130624,0.04737193075826377,0.11533749720002932,0.00482118918702095,0.08513530903858234,0.09297265016530505,71.73750982985823,0.005931756970299334,0.0020786125801905775,0.0038531443901087562,0.06843919478763658,0.9066770106183727,0.01191146775518237,0.04247167886085701,0.039262614036336796,0.9234753685838546,0.2558768606084592,0,0,0,0,0,0,0,1,0.0,0.0,0.0,0.0,0.0,0.0,0.0,0.0,0.0,0.0,0.0,False,False,True,False
0.007656371033800363,0.07060041459542998,0.0027501773520342,0.011255638788056688,0.03180714493068426,0.03851326677655886,0.011607234117835994,0.021205759452518187,0.049376774046921854,0.07548071543019316,0.14967806446886922,0.03733617025981678,0.125804524531106,0.09558177091640348,78.66942550011758,0.013019863092800066,0.01210075270900911,0.0009191103837909571,0.04785961127264541,0.9430825677148474,0.011255638788056688,0.03180714493068426,0.03851326677655886,0.8929347587532933,0.2816518221601583,0,0,0,0,0,0,0,1,0.0,0.0,0.0,0.0,0.0,0.0,0.0,0.0,0.0,0.0,0.0,True,False,False,False
0.011113205767131241,0.1771983810435903,0.009546034367994505,0.0027572864824967347,0.01690380815561321,0.057759293398163214,0.006578602008229357,0.029718946659066974,0.027236460995602483,0.055023552859931595,0.10641039503321027,0.020522847342630313,0.07447803949123151,0.07707469219002608,80.27079662661097,0.009237163760364419,0.006815382945648125,0.0024217808147162932,0.1161956236633133,0.7557664886345474,0.0027572864824967347,0.01690380815561321,0.057759293398163214,1.1553562932543884,0.4701561236925749,0,0,0,0,0,0,0,1,0.0,0.0,0.0,0.0,0.0,0.0,0.0,0.0,0.0,0.0,0.0,False,False,True,False
0.009263621893118247,0.10199298830429296,0.009457535807176232,0.008001853278689408,0.003273139949833581,0.04762834480165612,0.004359684443749105,0.011076087899865493,0.034871619382019575,0.04783245397514114,0.0978869461283952,0.030379489948532817,0.08585986679681741,0.060891926656569874,65.92108323666105,0.008379951109032537,0.008951156082901585,-0.0005712049738690482,0.04213636854957505,0.7628628968543897,0.008001853278689408,0.003273139949833581,0.04762834480165612,0.7265548717586076,0.2727437449455003,0,0,0,0,0,0,0,0,0.0,0.0,0.0,0.0,0.0,0.0,0.0,0.0,0.0,0.0,0.0,False,False,True,False
0.011396146921493348,0.11167045833268983,0.010557471201430468,0.005623891522313684,0.007751546349244132,0.028594034198041962,0.010167349594419488,0.01090093006255968,0.01906586422956935,0.03471716367844944,0.08219958897779318,0.008808950951268223,0.07052981829863504,0.06195254591905497,51.63204000132849,0.0046929853967390845,0.004254635024748435,0.0004383503719906504,0.028987562385251468,0.8760554239671406,0.005623891522313684,0.007751546349244132,0.028594034198041962,0.9254790281738574,0.283944741460019,0,0,0,0,0,0,0,0,0.0,0.0,0.0,0.0,0.0,0.0,0.0,0.0,0.0,0.0,0.0,False,False,True,False
0.008387003680367183,0.1003592321128009,0.005996621705197658,0.010377993430245702,0.028478200192234793,0.04373147072722672,0.009761691516928765,0.025408279079324657,0.05671929422128817,0.08520308958049426,0.07558129567037358,0.04650364843393562,0.04892979471171949,0.017849585554302848,83.94794373633626,0.015579802587999755,0.014606105379483057,0.0009736972085166974,0.0705804824253784,0.8599901588401255,0.010377993430245702,0.028478200192234793,0.04373147072722672,0.8883007189220107,0.1591423106111609,0,0,0,0,0,0,0,1,0.0,0.0,0.0,0.0,0.0,0.0,0.0,0.0,0.0,0.0,0.0,True,False,False,False
0.009288703602278753,0.10361865225566513,0.007797501094690906,0.024866587435497856,0.0001255453587287736,0.021743904468919162,0.007907522680517262,0.010437692158583124,0.03521148309514107,0.08779008115472137,0.08559186088409924,0.027089747620902035,0.07437783577230317,0.04866674936634949,59.01773361013439,0.007853227410892925,0.009397839840863528,-0.0015446124299706042,0.030993108205437363,0.8367746174213001,0.024866587435497856,0.0001255453587287736,0.021743904468919162,0.8803854741262478,0.27210634813718176,0,0,0,0,0,0,0,0,0.0,0.0,0.0,0.0,0.0,0.0,0.0,0.0,0.0,0.0,0.0,True,False,False,False
0.007789107949166881,0.09627992349929937,-0.007410192526257298,-0.003424165735812945,-0.004710049055695276,0.01441775214362484,-0.0038242370114088876,-0.000565762726934016,0.015300231827558361,0.06599783950463374,0.08115625037048468,0.019197886105552918,0.08176827453939879,0.06486359057003692,46.92590097255753,0.006860424037411532,0.0078025198044930685,-0.0009420957670815367,0.03465526904542957,0.4836745538985036,-0.003424165735812945,-0.004710049055695276,0.01441775214362484,1.2683980845500222,0.18609504959040243,0,0,0,0,0,0,0,0,0.0,0.0,0.0,0.0,0.0,0.0,0.0,0.0,0.0,0.0,0.0,True,False,False,False
0.0071691912876721674,0.06526622124044458,0.00376684572535102,0.00447811615632987,0.01216199411948149,0.04335180728644006,0.005954556480239797,0.014610397329347257,0.03387281032377088,0.07081388601860773,0.11567636898498096,0.027752997055070734,0.09961062090597443,0.07912342586472723,71.17631105303386,0.00934917036646818,0.009512257772708678,-0.00016308740624049601,0.04497549002950768,0.8248524322861543,0.00447811615632987,0.01216199411948149,0.04335180728644006,1.132117307862618,0.15803279365212705,0,0,0,0,0,0,0,1,0.0,0.0,0.0,0.0,0.0,0.0,0.0,0.0,0.0,0.0,0.0,False,False,True,False
0.012576785143881757,0.13471554198783686,0.005929966083050742,0.016832132803102917,0.000894025914894403,0.020834296536088814,0.010068236666685847,0.007574541274821888,0.023708598546791707,0.055288527832436346,0.11276585541913871,0.013504396420899498,0.10440052803559799,0.08699473365640228,51.94983673347114,0.005156380424674013,0.00551831786391571,-0.00036193743924169646,0.029960772648403664,0.7528152849631354,0.016832132803102917,0.000894025914894403,0.020834296536088814,0.8399042907651624,0.3054599350991025,0,0,0,0,0,0,0,0,0.0,0.0,0.0,0.0,0.0,0.0,0.0,0.0,0.0,0.0,0.0,False,False,True,False
0.011294421932987435,0.12916633922052037,0.006632218302348614,0.005381028482142947,0.018592095869898406,0.006691133152877615,0.006237342085791492,0.018311483926042225,0.020516642516257233,0.043273735225242325,0.1140151946537747,0.014190787633528604,0.09398274716371875,0.09161884112637389,72.00070417287228,0.005627130217959716,0.00383746998916825,0.0017896602287914658,0.06214454561083241,0.7946595513098474,0.005381028482142947,0.018592095869898406,0.006691133152877615,1.034729022748475,0.343074696568739,0,0,0,0,0,0,0,1,0.0,0.0,0.0,0.0,0.0,0.0,0.0,0.0,0.0,0.0,0.0,False,False,True,False
